Data;Td;K0;Tmes;Tpr;KN1;EK1;KN2;EK2;Tspr
01.01.2015;-24.78;229.3548387;-13;130;170.9677419;170.9677419;58.38709677;58.38709677;106.5483871
02.01.2015;-26.2125;229.3548387;-13;130;170.9677419;341.9354839;58.38709677;116.7741935;106.5483871
03.01.2015;-18.725;229.3548387;-13;121;170.9677419;512.9032258;58.38709677;175.1612903;106.5483871
04.01.2015;-3.7;229.3548387;-13;90;170.9677419;683.8709677;58.38709677;233.5483871;106.5483871
05.01.2015;-1.325;229.3548387;-13;87;170.9677419;854.8387097;58.38709677;291.9354839;106.5483871
06.01.2015;-2.2375;229.3548387;-13;90;170.9677419;1025.806452;58.38709677;350.3225806;106.5483871
07.01.2015;-18.025;229.3548387;-13;121;170.9677419;1196.774194;58.38709677;408.7096774;106.5483871
08.01.2015;-31.55;229.3548387;-13;135;170.9677419;1367.741935;58.38709677;467.0967742;106.5483871
09.01.2015;-26.325;229.3548387;-13;130;170.9677419;1538.709677;58.38709677;525.483871;106.5483871
10.01.2015;-26.025;229.3548387;-13;130;170.9677419;1709.677419;58.38709677;583.8709677;106.5483871
11.01.2015;-10.525;229.3548387;-13;98;170.9677419;1880.645161;58.38709677;642.2580645;106.5483871
12.01.2015;-7.9375;229.3548387;-13;95;170.9677419;2051.612903;58.38709677;700.6451613;106.5483871
13.01.2015;-3.8875;229.3548387;-13;90;170.9677419;2222.580645;58.38709677;759.0322581;106.5483871
14.01.2015;-2.525;229.3548387;-13;90;170.9677419;2393.548387;58.38709677;817.4193548;106.5483871
15.01.2015;-2.4625;229.3548387;-13;90;170.9677419;2564.516129;58.38709677;875.8064516;106.5483871
16.01.2015;-0.35;229.3548387;-13;85;170.9677419;2735.483871;58.38709677;934.1935484;106.5483871
17.01.2015;-2.95;229.3548387;-13;90;170.9677419;2906.451613;58.38709677;992.5806452;106.5483871
18.01.2015;-3.9;229.3548387;-13;92;170.9677419;3077.419355;58.38709677;1050.967742;106.5483871
19.01.2015;-3.5375;229.3548387;-13;92;170.9677419;3248.387097;58.38709677;1109.354839;106.5483871
20.01.2015;-11.9375;229.3548387;-13;98;170.9677419;3419.354839;58.38709677;1167.741935;106.5483871
21.01.2015;-12.8625;229.3548387;-13;103;170.9677419;3590.322581;58.38709677;1226.129032;106.5483871
22.01.2015;-14.375;229.3548387;-13;108;170.9677419;3761.290323;58.38709677;1284.516129;106.5483871
23.01.2015;-26;229.3548387;-13;130;170.9677419;3932.258065;58.38709677;1342.903226;106.5483871
24.01.2015;-26.775;229.3548387;-13;130;170.9677419;4103.225806;58.38709677;1401.290323;106.5483871
25.01.2015;-15.6;229.3548387;-13;115;170.9677419;4274.193548;58.38709677;1459.677419;106.5483871
26.01.2015;-11.9125;229.3548387;-13;103;170.9677419;4445.16129;58.38709677;1518.064516;106.5483871
27.01.2015;-13.475;229.3548387;-13;108;170.9677419;4616.129032;58.38709677;1576.451613;106.5483871
28.01.2015;-13.4;229.3548387;-13;108;170.9677419;4787.096774;58.38709677;1634.83871;106.5483871
29.01.2015;-11.65;229.3548387;-13;103;170.9677419;4958.064516;58.38709677;1693.225806;106.5483871
30.01.2015;-12.85;229.3548387;-13;103;170.9677419;5129.032258;58.38709677;1751.612903;106.5483871
31.01.2015;-14.1375;229.3548387;-13;108;170.9677419;5300;58.38709677;1810;96.64516129
01.02.2015;-10.95;192.8571429;-6.9;98;192.8571429;192.8571429;0;0;96.64516129
02.02.2015;-6.975;192.8571429;-6.9;95;192.8571429;385.7142857;0;0;96.64516129
03.02.2015;-3.0375;192.8571429;-6.9;90;192.8571429;578.5714286;0;0;96.64516129
04.02.2015;-3.425;192.8571429;-6.9;90;192.8571429;771.4285714;0;0;96.64516129
05.02.2015;-3.275;192.8571429;-6.9;90;192.8571429;964.2857143;0;0;96.64516129
06.02.2015;-5.3625;192.8571429;-6.9;92;192.8571429;1157.142857;0;0;96.64516129
07.02.2015;-15.8625;192.8571429;-6.9;115;192.8571429;1350;0;0;96.64516129
08.02.2015;-21.15;192.8571429;-6.9;130;192.8571429;1542.857143;0;0;96.64516129
09.02.2015;-14.725;192.8571429;-6.9;115;192.8571429;1735.714286;0;0;96.64516129
10.02.2015;-6.4;192.8571429;-6.9;95;192.8571429;1928.571429;0;0;96.64516129
11.02.2015;-7.1;192.8571429;-6.9;95;192.8571429;2121.428571;0;0;96.64516129
12.02.2015;-3.2125;192.8571429;-6.9;90;192.8571429;2314.285714;0;0;96.64516129
13.02.2015;-0.625;192.8571429;-6.9;85;192.8571429;2507.142857;0;0;96.64516129
14.02.2015;-4.275;192.8571429;-6.9;90;192.8571429;2700;0;0;96.64516129
15.02.2015;-6.425;192.8571429;-6.9;95;192.8571429;2892.857143;0;0;96.64516129
16.02.2015;-10.375;192.8571429;-6.9;98;192.8571429;3085.714286;0;0;96.64516129
17.02.2015;-18.175;192.8571429;-6.9;121;192.8571429;3278.571429;0;0;96.64516129
18.02.2015;-14.5;192.8571429;-6.9;108;192.8571429;3471.428571;0;0;96.64516129
19.02.2015;-14.825;192.8571429;-6.9;115;192.8571429;3664.285714;0;0;96.64516129
20.02.2015;-15.5875;192.8571429;-6.9;115;192.8571429;3857.142857;0;0;96.64516129
21.02.2015;-7.025;192.8571429;-6.9;95;192.8571429;4050;0;0;96.64516129
22.02.2015;-0.025;192.8571429;-6.9;85;192.8571429;4242.857143;0;0;96.64516129
23.02.2015;-0.125;192.8571429;-6.9;85;192.8571429;4435.714286;0;0;96.64516129
24.02.2015;-0.025;192.8571429;-6.9;85;192.8571429;4628.571429;0;0;96.64516129
25.02.2015;-1.0625;192.8571429;-6.9;87;192.8571429;4821.428571;0;0;96.64516129
26.02.2015;0.375;192.8571429;-6.9;85;192.8571429;5014.285714;0;0;96.64516129
27.02.2015;-0.1125;192.8571429;-6.9;85;192.8571429;5207.142857;0;0;96.64516129
28.02.2015;-3.7375;192.8571429;-6.9;92;192.8571429;5400;0;0;96.64516129
01.03.2015;-6.2125;268.7096774;-1.7;95;211.9354839;211.9354839;56.77419355;56.77419355;88.35483871
02.03.2015;-4.1125;268.7096774;-1.7;90;211.9354839;423.8709677;56.77419355;113.5483871;88.35483871
03.03.2015;-4.7625;268.7096774;-1.7;90;211.9354839;635.8064516;56.77419355;170.3225806;88.35483871
04.03.2015;-6.125;268.7096774;-1.7;95;211.9354839;847.7419355;56.77419355;227.0967742;88.35483871
05.03.2015;-1.425;268.7096774;-1.7;87;211.9354839;1059.677419;56.77419355;283.8709677;88.35483871
06.03.2015;-1.925;268.7096774;-1.7;90;211.9354839;1271.612903;56.77419355;340.6451613;88.35483871
07.03.2015;-4.7;268.7096774;-1.7;92;211.9354839;1483.548387;56.77419355;397.4193548;88.35483871
08.03.2015;-7.7875;268.7096774;-1.7;95;211.9354839;1695.483871;56.77419355;454.1935484;88.35483871
09.03.2015;-5.75;268.7096774;-1.7;92;211.9354839;1907.419355;56.77419355;510.9677419;88.35483871
10.03.2015;-0.425;268.7096774;-1.7;85;211.9354839;2119.354839;56.77419355;567.7419355;88.35483871
11.03.2015;1.875;268.7096774;-1.7;83;211.9354839;2331.290323;56.77419355;624.516129;88.35483871
12.03.2015;2.45;268.7096774;-1.7;83;211.9354839;2543.225806;56.77419355;681.2903226;88.35483871
13.03.2015;0.925;268.7096774;-1.7;85;211.9354839;2755.16129;56.77419355;738.0645161;88.35483871
14.03.2015;1.4375;268.7096774;-1.7;83;211.9354839;2967.096774;56.77419355;794.8387097;88.35483871
15.03.2015;2.075;268.7096774;-1.7;83;211.9354839;3179.032258;56.77419355;851.6129032;88.35483871
16.03.2015;-2.625;268.7096774;-1.7;90;211.9354839;3390.967742;56.77419355;908.3870968;88.35483871
17.03.2015;-2.625;268.7096774;-1.7;90;211.9354839;3602.903226;56.77419355;965.1612903;88.35483871
18.03.2015;3.075;268.7096774;-1.7;83;211.9354839;3814.83871;56.77419355;1021.935484;88.35483871
19.03.2015;2.825;268.7096774;-1.7;83;211.9354839;4026.774194;56.77419355;1078.709677;88.35483871
20.03.2015;3.7875;268.7096774;-1.7;82;211.9354839;4238.709677;56.77419355;1135.483871;88.35483871
21.03.2015;3.35;268.7096774;-1.7;83;211.9354839;4450.645161;56.77419355;1192.258065;88.35483871
22.03.2015;0.7875;268.7096774;-1.7;85;211.9354839;4662.580645;56.77419355;1249.032258;88.35483871
23.03.2015;-4.7875;268.7096774;-1.7;92;211.9354839;4874.516129;56.77419355;1305.806452;88.35483871
24.03.2015;-6.4125;268.7096774;-1.7;95;211.9354839;5086.451613;56.77419355;1362.580645;88.35483871
25.03.2015;-3.65;268.7096774;-1.7;90;211.9354839;5298.387097;56.77419355;1419.354839;88.35483871
26.03.2015;-4.4375;268.7096774;-1.7;92;211.9354839;5510.322581;56.77419355;1476.129032;88.35483871
27.03.2015;-8.1875;268.7096774;-1.7;95;211.9354839;5722.258065;56.77419355;1532.903226;88.35483871
28.03.2015;-7.975;268.7096774;-1.7;95;211.9354839;5934.193548;56.77419355;1589.677419;88.35483871
29.03.2015;-4.9625;268.7096774;-1.7;92;211.9354839;6146.129032;56.77419355;1646.451613;88.35483871
30.03.2015;-2.625;268.7096774;-1.7;90;211.9354839;6358.064516;56.77419355;1703.225806;88.35483871
31.03.2015;-1.575;268.7096774;-1.7;98;211.9354839;6570;56.77419355;1760;88.35483871
01.04.2015;-0.9125;188.4;5.2;85;153.8;153.8;34.6;34.6;82.25806452
02.04.2015;2.0375;188.4;5.2;83;153.8;307.6;34.6;69.2;82.25806452
03.04.2015;2.625;188.4;5.2;83;153.8;461.4;34.6;103.8;82.25806452
04.04.2015;4.025;188.4;5.2;83;153.8;615.2;34.6;138.4;82.25806452
05.04.2015;5.1375;188.4;5.2;82;153.8;769;34.6;173;82.25806452
06.04.2015;3.7625;188.4;5.2;83;153.8;922.8;34.6;207.6;82.25806452
07.04.2015;1.175;188.4;5.2;83;153.8;1076.6;34.6;242.2;82.25806452
08.04.2015;1.475;188.4;5.2;83;153.8;1230.4;34.6;276.8;82.25806452
09.04.2015;2.9375;188.4;5.2;83;153.8;1384.2;34.6;311.4;82.25806452
10.04.2015;1.6875;188.4;5.2;83;153.8;1538;34.6;346;82.25806452
11.04.2015;1.6375;188.4;5.2;83;153.8;1691.8;34.6;380.6;82.25806452
12.04.2015;1.9875;188.4;5.2;83;153.8;1845.6;34.6;415.2;82.25806452
13.04.2015;1.8625;188.4;5.2;83;153.8;1999.4;34.6;449.8;82.25806452
14.04.2015;6.8375;188.4;5.2;82;153.8;2153.2;34.6;484.4;82.25806452
15.04.2015;4.1;188.4;5.2;83;153.8;2307;34.6;519;82.25806452
16.04.2015;7.525;188.4;5.2;80;153.8;2460.8;34.6;553.6;82.25806452
17.04.2015;4.45;188.4;5.2;83;153.8;2614.6;34.6;588.2;82.25806452
18.04.2015;2.5;188.4;5.2;83;153.8;2768.4;34.6;622.8;82.25806452
19.04.2015;2.625;188.4;5.2;83;153.8;2922.2;34.6;657.4;82.25806452
20.04.2015;3.025;188.4;5.2;83;153.8;3076;34.6;692;82.25806452
21.04.2015;2.625;188.4;5.2;83;153.8;3229.8;34.6;726.6;82.25806452
22.04.2015;2.85;188.4;5.2;83;153.8;3383.6;34.6;761.2;82.25806452
23.04.2015;1.425;188.4;5.2;83;153.8;3537.4;34.6;795.8;82.25806452
24.04.2015;2.875;188.4;5.2;83;153.8;3691.2;34.6;830.4;82.25806452
25.04.2015;3.025;188.4;5.2;83;153.8;3845;34.6;865;82.25806452
26.04.2015;2.1625;188.4;5.2;83;153.8;3998.8;34.6;899.6;82.25806452
27.04.2015;2.25;188.4;5.2;83;153.8;4152.6;34.6;934.2;82.25806452
28.04.2015;4.375;188.4;5.2;83;153.8;4306.4;34.6;968.8;82.25806452
29.04.2015;10.1375;188.4;5.2;80;153.8;4460.2;34.6;1003.4;82.25806452
30.04.2015;16.4875;188.4;5.2;80;153.8;4614;34.6;1038;82.25806452
01.05.2015;16.7125;146.4516129;14.6;80;128.1290323;128.1290323;18.32258065;18.32258065;80.25806452
02.05.2015;8.7;146.4516129;14.6;80;128.1290323;256.2580645;18.32258065;36.64516129;80.25806452
03.05.2015;13.175;146.4516129;14.6;80;128.1290323;384.3870968;18.32258065;54.96774194;80.25806452
04.05.2015;16.5625;146.4516129;14.6;80;128.1290323;512.516129;18.32258065;73.29032258;80.25806452
05.05.2015;15.3125;146.4516129;14.6;80;128.1290323;640.6451613;18.32258065;91.61290323;80.25806452
06.05.2015;6.75;146.4516129;14.6;82;128.1290323;768.7741935;18.32258065;109.9354839;80.25806452
07.05.2015;6.2625;146.4516129;14.6;82;128.1290323;896.9032258;18.32258065;128.2580645;80.25806452
08.05.2015;6.55;146.4516129;14.6;82;128.1290323;1025.032258;18.32258065;146.5806452;80.25806452
09.05.2015;6.3;146.4516129;14.6;82;128.1290323;1153.16129;18.32258065;164.9032258;80.25806452
10.05.2015;7.6625;146.4516129;14.6;80;128.1290323;1281.290323;18.32258065;183.2258065;80.25806452
11.05.2015;10.675;146.4516129;14.6;80;128.1290323;1409.419355;18.32258065;201.5483871;80.25806452
12.05.2015;13.5125;146.4516129;14.6;80;128.1290323;1537.548387;18.32258065;219.8709677;80.25806452
13.05.2015;15.0875;146.4516129;14.6;80;128.1290323;1665.677419;18.32258065;238.1935484;80.25806452
14.05.2015;15.4;146.4516129;14.6;80;128.1290323;1793.806452;18.32258065;256.516129;80.25806452
15.05.2015;15.6;146.4516129;14.6;80;128.1290323;1921.935484;18.32258065;274.8387097;80.25806452
16.05.2015;15.9375;146.4516129;14.6;80;128.1290323;2050.064516;18.32258065;293.1612903;80.25806452
17.05.2015;12.0875;146.4516129;14.6;80;128.1290323;2178.193548;18.32258065;311.483871;80.25806452
18.05.2015;10.0375;146.4516129;14.6;80;128.1290323;2306.322581;18.32258065;329.8064516;80.25806452
19.05.2015;9.05;146.4516129;14.6;80;128.1290323;2434.451613;18.32258065;348.1290323;80.25806452
20.05.2015;10.3;146.4516129;14.6;80;128.1290323;2562.580645;18.32258065;366.4516129;80.25806452
21.05.2015;13.3875;146.4516129;14.6;80;128.1290323;2690.709677;18.32258065;384.7741935;80.25806452
22.05.2015;14.475;146.4516129;14.6;80;128.1290323;2818.83871;18.32258065;403.0967742;80.25806452
23.05.2015;15.3;146.4516129;14.6;80;128.1290323;2946.967742;18.32258065;421.4193548;80.25806452
24.05.2015;12.375;146.4516129;14.6;80;128.1290323;3075.096774;18.32258065;439.7419355;80.25806452
25.05.2015;9.5875;146.4516129;14.6;80;128.1290323;3203.225806;18.32258065;458.0645161;80.25806452
26.05.2015;12.5;146.4516129;14.6;80;128.1290323;3331.354839;18.32258065;476.3870968;80.25806452
27.05.2015;16.025;146.4516129;14.6;80;128.1290323;3459.483871;18.32258065;494.7096774;80.25806452
28.05.2015;20.8125;146.4516129;14.6;80;128.1290323;3587.612903;18.32258065;513.0322581;80.25806452
29.05.2015;21.15;146.4516129;14.6;80;128.1290323;3715.741935;18.32258065;531.3548387;80.25806452
30.05.2015;24.475;146.4516129;14.6;80;128.1290323;3843.870968;18.32258065;549.6774194;80.25806452
31.05.2015;24.725;146.4516129;14.6;80;128.1290323;3972;18.32258065;568;80.25806452
01.06.2015;25.125;166.6666667;17.5;80;166.6666667;166.6666667;0;0;80
02.06.2015;23.175;166.6666667;17.5;80;166.6666667;333.3333333;0;0;80
03.06.2015;21.6625;166.6666667;17.5;80;166.6666667;500;0;0;80
04.06.2015;20.7;166.6666667;17.5;80;166.6666667;666.6666667;0;0;80
05.06.2015;20.2625;166.6666667;17.5;80;166.6666667;833.3333333;0;0;80
06.06.2015;15.25;166.6666667;17.5;80;166.6666667;1000;0;0;80
07.06.2015;13.8625;166.6666667;17.5;80;166.6666667;1166.666667;0;0;80
08.06.2015;14.2125;166.6666667;17.5;80;166.6666667;1333.333333;0;0;80
09.06.2015;10.6625;166.6666667;17.5;80;166.6666667;1500;0;0;80
10.06.2015;9.3875;166.6666667;17.5;80;166.6666667;1666.666667;0;0;80
11.06.2015;10.425;166.6666667;17.5;80;166.6666667;1833.333333;0;0;80
12.06.2015;13.2875;166.6666667;17.5;80;166.6666667;2000;0;0;80
13.06.2015;11.8875;166.6666667;17.5;80;166.6666667;2166.666667;0;0;80
14.06.2015;11.35;166.6666667;17.5;80;166.6666667;2333.333333;0;0;80
15.06.2015;18.725;166.6666667;17.5;80;166.6666667;2500;0;0;80
16.06.2015;23.55;166.6666667;17.5;80;166.6666667;2666.666667;0;0;80
17.06.2015;21.7;166.6666667;17.5;80;166.6666667;2833.333333;0;0;80
18.06.2015;19.5625;166.6666667;17.5;80;166.6666667;3000;0;0;80
19.06.2015;16.7625;166.6666667;17.5;80;166.6666667;3166.666667;0;0;80
20.06.2015;20.2875;166.6666667;17.5;80;166.6666667;3333.333333;0;0;80
21.06.2015;23.4375;166.6666667;17.5;80;166.6666667;3500;0;0;80
22.06.2015;27.3;166.6666667;17.5;80;166.6666667;3666.666667;0;0;80
23.06.2015;27.7625;166.6666667;17.5;80;166.6666667;3833.333333;0;0;80
24.06.2015;24.5875;166.6666667;17.5;80;166.6666667;4000;0;0;80
25.06.2015;19.775;166.6666667;17.5;80;166.6666667;4166.666667;0;0;80
26.06.2015;15.95;166.6666667;17.5;80;166.6666667;4333.333333;0;0;80
27.06.2015;17.6625;166.6666667;17.5;80;166.6666667;4500;0;0;80
28.06.2015;22.0375;166.6666667;17.5;80;166.6666667;4666.666667;0;0;80
29.06.2015;24.8;166.6666667;17.5;80;166.6666667;4833.333333;0;0;80
30.06.2015;20.1;166.6666667;17.5;80;166.6666667;5000;0;0;80
01.07.2015;16.1;158.0645161;15.1;80;158.0645161;158.0645161;0;0;80
02.07.2015;14.65;158.0645161;15.1;80;158.0645161;316.1290323;0;0;80
03.07.2015;13.1875;158.0645161;15.1;80;158.0645161;474.1935484;0;0;80
04.07.2015;10.5375;158.0645161;15.1;80;158.0645161;632.2580645;0;0;80
05.07.2015;12.2875;158.0645161;15.1;80;158.0645161;790.3225806;0;0;80
06.07.2015;12.4125;158.0645161;15.1;80;158.0645161;948.3870968;0;0;80
07.07.2015;8.825;158.0645161;15.1;80;158.0645161;1106.451613;0;0;80
08.07.2015;10.3625;158.0645161;15.1;80;158.0645161;1264.516129;0;0;80
09.07.2015;12.725;158.0645161;15.1;80;158.0645161;1422.580645;0;0;80
10.07.2015;12.3;158.0645161;15.1;80;158.0645161;1580.645161;0;0;80
11.07.2015;14.7;158.0645161;15.1;80;158.0645161;1738.709677;0;0;80
12.07.2015;17.3625;158.0645161;15.1;80;158.0645161;1896.774194;0;0;80
13.07.2015;13.55;158.0645161;15.1;80;158.0645161;2054.83871;0;0;80
14.07.2015;14.9625;158.0645161;15.1;80;158.0645161;2212.903226;0;0;80
15.07.2015;15.1875;158.0645161;15.1;80;158.0645161;2370.967742;0;0;80
16.07.2015;14.9375;158.0645161;15.1;80;158.0645161;2529.032258;0;0;80
17.07.2015;15.1125;158.0645161;15.1;80;158.0645161;2687.096774;0;0;80
18.07.2015;14.925;158.0645161;15.1;80;158.0645161;2845.16129;0;0;80
19.07.2015;14.2;158.0645161;15.1;80;158.0645161;3003.225806;0;0;80
20.07.2015;14.8125;158.0645161;15.1;80;158.0645161;3161.290323;0;0;80
21.07.2015;16.675;158.0645161;15.1;80;158.0645161;3319.354839;0;0;80
22.07.2015;17.2125;158.0645161;15.1;80;158.0645161;3477.419355;0;0;80
23.07.2015;14.775;158.0645161;15.1;80;158.0645161;3635.483871;0;0;80
24.07.2015;15.275;158.0645161;15.1;80;158.0645161;3793.548387;0;0;80
25.07.2015;15.6;158.0645161;15.1;80;158.0645161;3951.612903;0;0;80
26.07.2015;16.35;158.0645161;15.1;80;158.0645161;4109.677419;0;0;80
27.07.2015;15.0875;158.0645161;15.1;80;158.0645161;4267.741935;0;0;80
28.07.2015;15.125;158.0645161;15.1;80;158.0645161;4425.806452;0;0;80
29.07.2015;15.05;158.0645161;15.1;80;158.0645161;4583.870968;0;0;80
30.07.2015;20.175;158.0645161;15.1;80;158.0645161;4741.935484;0;0;80
31.07.2015;20.525;158.0645161;15.1;80;158.0645161;4900;0;0;80
01.08.2015;17.7;165.483871;11.8;80;165.483871;165.483871;0;0;80.25806452
02.08.2015;17.675;165.483871;11.8;80;165.483871;330.9677419;0;0;80.25806452
03.08.2015;15.6875;165.483871;11.8;80;165.483871;496.4516129;0;0;80.25806452
04.08.2015;15.1625;165.483871;11.8;80;165.483871;661.9354839;0;0;80.25806452
05.08.2015;13.6875;165.483871;11.8;80;165.483871;827.4193548;0;0;80.25806452
06.08.2015;15.0875;165.483871;11.8;80;165.483871;992.9032258;0;0;80.25806452
07.08.2015;12.4625;165.483871;11.8;80;165.483871;1158.387097;0;0;80.25806452
08.08.2015;13.1;165.483871;11.8;80;165.483871;1323.870968;0;0;80.25806452
09.08.2015;16.8375;165.483871;11.8;80;165.483871;1489.354839;0;0;80.25806452
10.08.2015;17.0375;165.483871;11.8;80;165.483871;1654.83871;0;0;80.25806452
11.08.2015;15.875;165.483871;11.8;80;165.483871;1820.322581;0;0;80.25806452
12.08.2015;15.6;165.483871;11.8;80;165.483871;1985.806452;0;0;80.25806452
13.08.2015;14.8625;165.483871;11.8;80;165.483871;2151.290323;0;0;80.25806452
14.08.2015;17.575;165.483871;11.8;80;165.483871;2316.774194;0;0;80.25806452
15.08.2015;15.25;165.483871;11.8;80;165.483871;2482.258065;0;0;80.25806452
16.08.2015;13.1125;165.483871;11.8;80;165.483871;2647.741935;0;0;80.25806452
17.08.2015;13.3125;165.483871;11.8;80;165.483871;2813.225806;0;0;80.25806452
18.08.2015;11.925;165.483871;11.8;80;165.483871;2978.709677;0;0;80.25806452
19.08.2015;11.5875;165.483871;11.8;80;165.483871;3144.193548;0;0;80.25806452
20.08.2015;11.375;165.483871;11.8;80;165.483871;3309.677419;0;0;80.25806452
21.08.2015;12.9875;165.483871;11.8;80;165.483871;3475.16129;0;0;80.25806452
22.08.2015;16.3125;165.483871;11.8;80;165.483871;3640.645161;0;0;80.25806452
23.08.2015;11.5375;165.483871;11.8;80;165.483871;3806.129032;0;0;80.25806452
24.08.2015;7.175;165.483871;11.8;80;165.483871;3971.612903;0;0;80.25806452
25.08.2015;8.1375;165.483871;11.8;80;165.483871;4137.096774;0;0;80.25806452
26.08.2015;9.175;165.483871;11.8;80;165.483871;4302.580645;0;0;80.25806452
27.08.2015;10.9375;165.483871;11.8;80;165.483871;4468.064516;0;0;80.25806452
28.08.2015;12.325;165.483871;11.8;80;165.483871;4633.548387;0;0;80.25806452
29.08.2015;9.9875;165.483871;11.8;80;165.483871;4799.032258;0;0;80.25806452
30.08.2015;6.225;165.483871;11.8;82;165.483871;4964.516129;0;0;80.25806452
31.08.2015;5.7375;165.483871;11.8;82;165.483871;5130;0;0;80.25806452
01.09.2015;5.9375;187.3333333;11.5;82;187.3333333;187.3333333;0;0;80.41935484
02.09.2015;6.675;187.3333333;11.5;82;187.3333333;374.6666667;0;0;80.41935484
03.09.2015;7.3;187.3333333;11.5;80;187.3333333;562;0;0;80.41935484
04.09.2015;9.3;187.3333333;11.5;80;187.3333333;749.3333333;0;0;80.41935484
05.09.2015;10.9;187.3333333;11.5;80;187.3333333;936.6666667;0;0;80.41935484
06.09.2015;10.875;187.3333333;11.5;80;187.3333333;1124;0;0;80.41935484
07.09.2015;13.75;187.3333333;11.5;80;187.3333333;1311.333333;0;0;80.41935484
08.09.2015;17.3125;187.3333333;11.5;80;187.3333333;1498.666667;0;0;80.41935484
09.09.2015;14.75;187.3333333;11.5;80;187.3333333;1686;0;0;80.41935484
10.09.2015;13.0625;187.3333333;11.5;80;187.3333333;1873.333333;0;0;80.41935484
11.09.2015;10.4375;187.3333333;11.5;80;187.3333333;2060.666667;0;0;80.41935484
12.09.2015;8.1875;187.3333333;11.5;80;187.3333333;2248;0;0;80.41935484
13.09.2015;11.775;187.3333333;11.5;80;187.3333333;2435.333333;0;0;80.41935484
14.09.2015;10.1;187.3333333;11.5;80;187.3333333;2622.666667;0;0;80.41935484
15.09.2015;11.85;187.3333333;11.5;80;187.3333333;2810;0;0;80.41935484
16.09.2015;12.3375;187.3333333;11.5;80;187.3333333;2997.333333;0;0;80.41935484
17.09.2015;10.3375;187.3333333;11.5;80;187.3333333;3184.666667;0;0;80.41935484
18.09.2015;10.925;187.3333333;11.5;80;187.3333333;3372;0;0;80.41935484
19.09.2015;11.8;187.3333333;11.5;80;187.3333333;3559.333333;0;0;80.41935484
20.09.2015;13.725;187.3333333;11.5;80;187.3333333;3746.666667;0;0;80.41935484
21.09.2015;12.2375;187.3333333;11.5;80;187.3333333;3934;0;0;80.41935484
22.09.2015;12.4;187.3333333;11.5;80;187.3333333;4121.333333;0;0;80.41935484
23.09.2015;14.9625;187.3333333;11.5;80;187.3333333;4308.666667;0;0;80.41935484
24.09.2015;13.3375;187.3333333;11.5;80;187.3333333;4496;0;0;80.41935484
25.09.2015;12.925;187.3333333;11.5;80;187.3333333;4683.333333;0;0;80.41935484
26.09.2015;12.5375;187.3333333;11.5;80;187.3333333;4870.666667;0;0;80.41935484
27.09.2015;15.7625;187.3333333;11.5;80;187.3333333;5058;0;0;80.41935484
28.09.2015;19.4;187.3333333;11.5;80;187.3333333;5245.333333;0;0;80.41935484
29.09.2015;19.6875;187.3333333;11.5;80;187.3333333;5432.666667;0;0;80.41935484
30.09.2015;11.5125;187.3333333;11.5;80;187.3333333;5620;0;0;80.41935484
01.10.2015;4.15;251.9354839;-1.1;83;197.0967742;197.0967742;54.83870968;54.83870968;87.64516129
02.10.2015;6.375;251.9354839;-1.1;82;197.0967742;394.1935484;54.83870968;109.6774194;87.64516129
03.10.2015;5.45;251.9354839;-1.1;82;197.0967742;591.2903226;54.83870968;164.516129;87.64516129
04.10.2015;3.5875;251.9354839;-1.1;83;197.0967742;788.3870968;54.83870968;219.3548387;87.64516129
05.10.2015;3.525;251.9354839;-1.1;83;197.0967742;985.483871;54.83870968;274.1935484;87.64516129
06.10.2015;7.8875;251.9354839;-1.1;80;197.0967742;1182.580645;54.83870968;329.0322581;87.64516129
07.10.2015;1.7;251.9354839;-1.1;83;197.0967742;1379.677419;54.83870968;383.8709677;87.64516129
08.10.2015;-0.925;251.9354839;-1.1;87;197.0967742;1576.774194;54.83870968;438.7096774;87.64516129
09.10.2015;-2.3;251.9354839;-1.1;90;197.0967742;1773.870968;54.83870968;493.5483871;87.64516129
10.10.2015;-2.4375;251.9354839;-1.1;90;197.0967742;1970.967742;54.83870968;548.3870968;87.64516129
11.10.2015;-3.4125;251.9354839;-1.1;92;197.0967742;2168.064516;54.83870968;603.2258065;87.64516129
12.10.2015;-4.9625;251.9354839;-1.1;92;197.0967742;2365.16129;54.83870968;658.0645161;87.64516129
13.10.2015;-3.7625;251.9354839;-1.1;92;197.0967742;2562.258065;54.83870968;712.9032258;87.64516129
14.10.2015;-0.375;251.9354839;-1.1;87;197.0967742;2759.354839;54.83870968;767.7419355;87.64516129
15.10.2015;2.275;251.9354839;-1.1;83;197.0967742;2956.451613;54.83870968;822.5806452;87.64516129
16.10.2015;-1.8375;251.9354839;-1.1;90;197.0967742;3153.548387;54.83870968;877.4193548;87.64516129
17.10.2015;0.55;251.9354839;-1.1;85;197.0967742;3350.645161;54.83870968;932.2580645;87.64516129
18.10.2015;2.9875;251.9354839;-1.1;83;197.0967742;3547.741935;54.83870968;987.0967742;87.64516129
19.10.2015;1.875;251.9354839;-1.1;83;197.0967742;3744.83871;54.83870968;1041.935484;87.64516129
20.10.2015;-3.65;251.9354839;-1.1;92;197.0967742;3941.935484;54.83870968;1096.774194;87.64516129
21.10.2015;-6.9375;251.9354839;-1.1;95;197.0967742;4139.032258;54.83870968;1151.612903;87.64516129
22.10.2015;-4.3375;251.9354839;-1.1;92;197.0967742;4336.129032;54.83870968;1206.451613;87.64516129
23.10.2015;-0.575;251.9354839;-1.1;87;197.0967742;4533.225806;54.83870968;1261.290323;87.64516129
24.10.2015;-0.325;251.9354839;-1.1;87;197.0967742;4730.322581;54.83870968;1316.129032;87.64516129
25.10.2015;0.1125;251.9354839;-1.1;85;197.0967742;4927.419355;54.83870968;1370.967742;87.64516129
26.10.2015;1.0625;251.9354839;-1.1;83;197.0967742;5124.516129;54.83870968;1425.806452;87.64516129
27.10.2015;2.0375;251.9354839;-1.1;83;197.0967742;5321.612903;54.83870968;1480.645161;87.64516129
28.10.2015;1.375;251.9354839;-1.1;83;197.0967742;5518.709677;54.83870968;1535.483871;87.64516129
29.10.2015;-0.6375;251.9354839;-1.1;87;197.0967742;5715.806452;54.83870968;1590.322581;87.64516129
30.10.2015;-3.65;251.9354839;-1.1;92;197.0967742;5912.903226;54.83870968;1645.16129;87.64516129
31.10.2015;-4.25;251.9354839;-1.1;92;197.0967742;6110;54.83870968;1700;87.64516129
01.11.2015;-2.625;236.0333333;-5.6;90;181.1;181.1;54.93333333;54.93333333;94.93548387
02.11.2015;-2.1375;236.0333333;-5.6;90;181.1;362.2;54.93333333;109.8666667;94.93548387
03.11.2015;0.375;236.0333333;-5.6;85;181.1;543.3;54.93333333;164.8;94.93548387
04.11.2015;0.6125;236.0333333;-5.6;85;181.1;724.4;54.93333333;219.7333333;94.93548387
05.11.2015;0.2875;236.0333333;-5.6;85;181.1;905.5;54.93333333;274.6666667;94.93548387
06.11.2015;-0.675;236.0333333;-5.6;87;181.1;1086.6;54.93333333;329.6;94.93548387
07.11.2015;-2.65;236.0333333;-5.6;90;181.1;1267.7;54.93333333;384.5333333;94.93548387
08.11.2015;-6.1125;236.0333333;-5.6;95;181.1;1448.8;54.93333333;439.4666667;94.93548387
09.11.2015;-8.7125;236.0333333;-5.6;98;181.1;1629.9;54.93333333;494.4;94.93548387
10.11.2015;-11.425;236.0333333;-5.6;103;181.1;1811;54.93333333;549.3333333;94.93548387
11.11.2015;-4.1125;236.0333333;-5.6;92;181.1;1992.1;54.93333333;604.2666667;94.93548387
12.11.2015;-1.6625;236.0333333;-5.6;90;181.1;2173.2;54.93333333;659.2;94.93548387
13.11.2015;-4.6375;236.0333333;-5.6;92;181.1;2354.3;54.93333333;714.1333333;94.93548387
14.11.2015;-9.0375;236.0333333;-5.6;98;181.1;2535.4;54.93333333;769.0666667;94.93548387
15.11.2015;-9.25;236.0333333;-5.6;98;181.1;2716.5;54.93333333;824;94.93548387
16.11.2015;-9.925;236.0333333;-5.6;98;181.1;2897.6;54.93333333;878.9333333;94.93548387
17.11.2015;-11.025;236.0333333;-5.6;103;181.1;3078.7;54.93333333;933.8666667;94.93548387
18.11.2015;-10.05;236.0333333;-5.6;103;181.1;3259.8;54.93333333;988.8;94.93548387
19.11.2015;-14.0125;236.0333333;-5.6;115;181.1;3440.9;54.93333333;1043.733333;94.93548387
20.11.2015;-14.525;236.0333333;-5.6;115;181.1;3622;54.93333333;1098.666667;94.93548387
21.11.2015;-11.15;236.0333333;-5.6;103;181.1;3803.1;54.93333333;1153.6;94.93548387
22.11.2015;-3.3625;236.0333333;-5.6;92;181.1;3984.2;54.93333333;1208.533333;94.93548387
23.11.2015;0.825;236.0333333;-5.6;85;181.1;4165.3;54.93333333;1263.466667;94.93548387
24.11.2015;-2.225;236.0333333;-5.6;90;181.1;4346.4;54.93333333;1318.4;94.93548387
25.11.2015;-2.85;236.0333333;-5.6;90;181.1;4527.5;54.93333333;1373.333333;94.93548387
26.11.2015;-4.8125;236.0333333;-5.6;92;181.1;4708.6;54.93333333;1428.266667;94.93548387
27.11.2015;-6.2625;236.0333333;-5.6;95;181.1;4889.7;54.93333333;1483.2;94.93548387
28.11.2015;-4.1625;236.0333333;-5.6;92;181.1;5070.8;54.93333333;1538.133333;94.93548387
29.11.2015;-1.6375;236.0333333;-5.6;90;181.1;5251.9;54.93333333;1593.066667;94.93548387
30.11.2015;-4;236.0333333;-5.6;92;181.1;5433;54.93333333;1648;94.93548387
01.12.2015;-5.3625;204.6774194;-11.4;95;145.8064516;145.8064516;58.87096774;58.87096774;106.7419355
02.12.2015;-2.35;204.6774194;-11.4;90;145.8064516;291.6129032;58.87096774;117.7419355;106.7419355
03.12.2015;-2.2875;204.6774194;-11.4;90;145.8064516;437.4193548;58.87096774;176.6129032;106.7419355
04.12.2015;-2.9625;204.6774194;-11.4;90;145.8064516;583.2258065;58.87096774;235.483871;106.7419355
05.12.2015;-3.125;204.6774194;-11.4;92;145.8064516;729.0322581;58.87096774;294.3548387;106.7419355
06.12.2015;-2.9625;204.6774194;-11.4;90;145.8064516;874.8387097;58.87096774;353.2258065;106.7419355
07.12.2015;0.15;204.6774194;-11.4;85;145.8064516;1020.645161;58.87096774;412.0967742;106.7419355
08.12.2015;-1.0125;204.6774194;-11.4;90;145.8064516;1166.451613;58.87096774;470.9677419;106.7419355
09.12.2015;-3.0125;204.6774194;-11.4;92;145.8064516;1312.258065;58.87096774;529.8387097;106.7419355
10.12.2015;-3.725;204.6774194;-11.4;92;145.8064516;1458.064516;58.87096774;588.7096774;106.7419355
11.12.2015;0.614285714;204.6774194;-11.4;85;145.8064516;1603.870968;58.87096774;647.5806452;106.7419355
12.12.2015;-1.3;204.6774194;-11.4;90;145.8064516;1749.677419;58.87096774;706.4516129;106.7419355
13.12.2015;-1.9625;204.6774194;-11.4;90;145.8064516;1895.483871;58.87096774;765.3225806;106.7419355
14.12.2015;-2.9125;204.6774194;-11.4;90;145.8064516;2041.290323;58.87096774;824.1935484;106.7419355
15.12.2015;-5.5625;204.6774194;-11.4;95;145.8064516;2187.096774;58.87096774;883.0645161;106.7419355
16.12.2015;-8.325;204.6774194;-11.4;98;145.8064516;2332.903226;58.87096774;941.9354839;106.7419355
17.12.2015;-11.975;204.6774194;-11.4;103;145.8064516;2478.709677;58.87096774;1000.806452;106.7419355
18.12.2015;-15.2375;204.6774194;-11.4;115;145.8064516;2624.516129;58.87096774;1059.677419;106.7419355
19.12.2015;-17.4;204.6774194;-11.4;121;145.8064516;2770.322581;58.87096774;1118.548387;106.7419355
20.12.2015;-16.8375;204.6774194;-11.4;121;145.8064516;2916.129032;58.87096774;1177.419355;106.7419355
21.12.2015;-11.8;204.6774194;-11.4;103;145.8064516;3061.935484;58.87096774;1236.290323;106.7419355
22.12.2015;-3.7625;204.6774194;-11.4;92;145.8064516;3207.741935;58.87096774;1295.16129;106.7419355
23.12.2015;0.95;204.6774194;-11.4;85;145.8064516;3353.548387;58.87096774;1354.032258;106.7419355
24.12.2015;0.275;204.6774194;-11.4;85;145.8064516;3499.354839;58.87096774;1412.903226;106.7419355
25.12.2015;-6.4625;204.6774194;-11.4;95;145.8064516;3645.16129;58.87096774;1471.774194;106.7419355
26.12.2015;-13.0625;204.6774194;-11.4;103;145.8064516;3790.967742;58.87096774;1530.645161;106.7419355
27.12.2015;-9.35;204.6774194;-11.4;98;145.8064516;3936.774194;58.87096774;1589.516129;106.7419355
28.12.2015;-10.6375;204.6774194;-11.4;103;145.8064516;4082.580645;58.87096774;1648.387097;106.7419355
29.12.2015;-13.75;204.6774194;-11.4;108;145.8064516;4228.387097;58.87096774;1707.258065;106.7419355
30.12.2015;-19.35;204.6774194;-11.4;126;145.8064516;4374.193548;58.87096774;1766.129032;106.7419355
31.12.2015;-24.9;204.6774194;-11.4;130;145.8064516;4520;58.87096774;1825;106.7419355
01.01.2016;-28.18333333;166.1290323;-9.3;135;100;100;66.12903226;66.12903226;102.483871
02.01.2016;-23.4875;166.1290323;-9.3;130;100;200;66.12903226;132.2580645;102.483871
03.01.2016;-18.65;166.1290323;-9.3;126;100;300;66.12903226;198.3870968;102.483871
04.01.2016;-19.325;166.1290323;-9.3;126;100;400;66.12903226;264.516129;102.483871
05.01.2016;-19.7;166.1290323;-9.3;126;100;500;66.12903226;330.6451613;102.483871
06.01.2016;-18.775;166.1290323;-9.3;126;100;600;66.12903226;396.7741935;102.483871
07.01.2016;-24.875;166.1290323;-9.3;130;100;700;66.12903226;462.9032258;102.483871
08.01.2016;-20.4875;166.1290323;-9.3;130;100;800;66.12903226;529.0322581;102.483871
09.01.2016;-8.3125;166.1290323;-9.3;98;100;900;66.12903226;595.1612903;102.483871
10.01.2016;-3.4375;166.1290323;-9.3;92;100;1000;66.12903226;661.2903226;102.483871
11.01.2016;-3.3625;166.1290323;-9.3;92;100;1100;66.12903226;727.4193548;102.483871
12.01.2016;-9.2375;166.1290323;-9.3;98;100;1200;66.12903226;793.5483871;102.483871
13.01.2016;-20.95;166.1290323;-9.3;130;100;1300;66.12903226;859.6774194;102.483871
14.01.2016;-9.675;166.1290323;-9.3;98;100;1400;66.12903226;925.8064516;102.483871
15.01.2016;-5.1;166.1290323;-9.3;95;100;1500;66.12903226;991.9354839;102.483871
16.01.2016;-9.6875;166.1290323;-9.3;98;100;1600;66.12903226;1058.064516;102.483871
17.01.2016;-17.4125;166.1290323;-9.3;121;100;1700;66.12903226;1124.193548;102.483871
18.01.2016;-13.3125;166.1290323;-9.3;108;100;1800;66.12903226;1190.322581;102.483871
19.01.2016;-5.1;166.1290323;-9.3;95;100;1900;66.12903226;1256.451613;102.483871
20.01.2016;-2.9875;166.1290323;-9.3;90;100;2000;66.12903226;1322.580645;102.483871
21.01.2016;-5.2875;166.1290323;-9.3;95;100;2100;66.12903226;1388.709677;102.483871
22.01.2016;-9.5125;166.1290323;-9.3;98;100;2200;66.12903226;1454.83871;102.483871
23.01.2016;-13.6625;166.1290323;-9.3;108;100;2300;66.12903226;1520.967742;102.483871
24.01.2016;-9.25;166.1290323;-9.3;98;100;2400;66.12903226;1587.096774;102.483871
25.01.2016;-12.2125;166.1290323;-9.3;103;100;2500;66.12903226;1653.225806;102.483871
26.01.2016;-16.0375;166.1290323;-9.3;121;100;2600;66.12903226;1719.354839;102.483871
27.01.2016;-18.2625;166.1290323;-9.3;126;100;2700;66.12903226;1785.483871;102.483871
28.01.2016;-24.1375;166.1290323;-9.3;130;100;2800;66.12903226;1851.612903;102.483871
29.01.2016;-20.2625;166.1290323;-9.3;130;100;2900;66.12903226;1917.741935;102.483871
30.01.2016;-11.5125;166.1290323;-9.3;103;100;3000;66.12903226;1983.870968;102.483871
31.01.2016;-5.35;166.1290323;-9.3;95;100;3100;66.12903226;2050;102.483871
01.02.2016;-3.7;209.3448276;-3.9;92;175.862069;175.862069;33.48275862;33.48275862;91.87096774
02.02.2016;0.1875;209.3448276;-3.9;85;175.862069;351.7241379;33.48275862;66.96551724;91.87096774
03.02.2016;-0.2625;209.3448276;-3.9;87;175.862069;527.5862069;33.48275862;100.4482759;91.87096774
04.02.2016;-1.575;209.3448276;-3.9;90;175.862069;703.4482759;33.48275862;133.9310345;91.87096774
05.02.2016;-0.7875;209.3448276;-3.9;87;175.862069;879.3103448;33.48275862;167.4137931;91.87096774
06.02.2016;-4.2;209.3448276;-3.9;92;175.862069;1055.172414;33.48275862;200.8965517;91.87096774
07.02.2016;-3.6625;209.3448276;-3.9;92;175.862069;1231.034483;33.48275862;234.3793103;91.87096774
08.02.2016;-7.2625;209.3448276;-3.9;98;175.862069;1406.896552;33.48275862;267.862069;91.87096774
09.02.2016;-8.425;209.3448276;-3.9;98;175.862069;1582.758621;33.48275862;301.3448276;91.87096774
10.02.2016;-5.05;209.3448276;-3.9;95;175.862069;1758.62069;33.48275862;334.8275862;91.87096774
11.02.2016;-2.525;209.3448276;-3.9;90;175.862069;1934.482759;33.48275862;368.3103448;91.87096774
12.02.2016;-4.2875;209.3448276;-3.9;92;175.862069;2110.344828;33.48275862;401.7931034;91.87096774
13.02.2016;-6.6875;209.3448276;-3.9;95;175.862069;2286.206897;33.48275862;435.2758621;91.87096774
14.02.2016;-8.65;209.3448276;-3.9;98;175.862069;2462.068966;33.48275862;468.7586207;91.87096774
15.02.2016;-6.5125;209.3448276;-3.9;95;175.862069;2637.931034;33.48275862;502.2413793;91.87096774
16.02.2016;-7.9875;209.3448276;-3.9;98;175.862069;2813.793103;33.48275862;535.7241379;91.87096774
17.02.2016;-3.9;209.3448276;-3.9;92;175.862069;2989.655172;33.48275862;569.2068966;91.87096774
18.02.2016;-2.1375;209.3448276;-3.9;90;175.862069;3165.517241;33.48275862;602.6896552;91.87096774
19.02.2016;-5.65;209.3448276;-3.9;95;175.862069;3341.37931;33.48275862;636.1724138;91.87096774
20.02.2016;-3.25;209.3448276;-3.9;92;175.862069;3517.241379;33.48275862;669.6551724;91.87096774
21.02.2016;-6.6125;209.3448276;-3.9;95;175.862069;3693.103448;33.48275862;703.137931;91.87096774
22.02.2016;-4.925;209.3448276;-3.9;92;175.862069;3868.965517;33.48275862;736.6206897;91.87096774
23.02.2016;-4.65;209.3448276;-3.9;92;175.862069;4044.827586;33.48275862;770.1034483;91.87096774
24.02.2016;0.5;209.3448276;-3.9;85;175.862069;4220.689655;33.48275862;803.5862069;91.87096774
25.02.2016;0.975;209.3448276;-3.9;85;175.862069;4396.551724;33.48275862;837.0689655;91.87096774
26.02.2016;1.2875;209.3448276;-3.9;83;175.862069;4572.413793;33.48275862;870.5517241;91.87096774
27.02.2016;-0.1;209.3448276;-3.9;87;175.862069;4748.275862;33.48275862;904.0344828;91.87096774
28.02.2016;-0.8;209.3448276;-3.9;87;175.862069;4924.137931;33.48275862;937.5172414;91.87096774
29.02.2016;-3.0625;209.3448276;-3.9;92;175.862069;5100;33.48275862;971;91.87096774
01.03.2016;-3.6375;193.6774194;-1.3;92;154.1935484;154.1935484;39.48387097;39.48387097;88.5483871
02.03.2016;-4.2;193.6774194;-1.3;92;154.1935484;308.3870968;39.48387097;78.96774194;88.5483871
03.03.2016;-3.7875;193.6774194;-1.3;92;154.1935484;462.5806452;39.48387097;118.4516129;88.5483871
04.03.2016;-2.0875;193.6774194;-1.3;90;154.1935484;616.7741935;39.48387097;157.9354839;88.5483871
05.03.2016;-4.425;193.6774194;-1.3;92;154.1935484;770.9677419;39.48387097;197.4193548;88.5483871
06.03.2016;-4.7375;193.6774194;-1.3;92;154.1935484;925.1612903;39.48387097;236.9032258;88.5483871
07.03.2016;-4.375;193.6774194;-1.3;92;154.1935484;1079.354839;39.48387097;276.3870968;88.5483871
08.03.2016;-2.3125;193.6774194;-1.3;90;154.1935484;1233.548387;39.48387097;315.8709677;88.5483871
09.03.2016;-2.1625;193.6774194;-1.3;90;154.1935484;1387.741935;39.48387097;355.3548387;88.5483871
10.03.2016;-2.35;193.6774194;-1.3;90;154.1935484;1541.935484;39.48387097;394.8387097;88.5483871
11.03.2016;-2.6875;193.6774194;-1.3;90;154.1935484;1696.129032;39.48387097;434.3225806;88.5483871
12.03.2016;-2.7125;193.6774194;-1.3;90;154.1935484;1850.322581;39.48387097;473.8064516;88.5483871
13.03.2016;-1.8875;193.6774194;-1.3;90;154.1935484;2004.516129;39.48387097;513.2903226;88.5483871
14.03.2016;-6;193.6774194;-1.3;95;154.1935484;2158.709677;39.48387097;552.7741935;88.5483871
15.03.2016;-11.875;193.6774194;-1.3;103;154.1935484;2312.903226;39.48387097;592.2580645;88.5483871
16.03.2016;-8.4;193.6774194;-1.3;98;154.1935484;2467.096774;39.48387097;631.7419355;88.5483871
17.03.2016;-3.65;193.6774194;-1.3;92;154.1935484;2621.290323;39.48387097;671.2258065;88.5483871
18.03.2016;-4.175;193.6774194;-1.3;92;154.1935484;2775.483871;39.48387097;710.7096774;88.5483871
19.03.2016;-7.3;193.6774194;-1.3;98;154.1935484;2929.677419;39.48387097;750.1935484;88.5483871
20.03.2016;-7.975;193.6774194;-1.3;98;154.1935484;3083.870968;39.48387097;789.6774194;88.5483871
21.03.2016;-7.9875;193.6774194;-1.3;98;154.1935484;3238.064516;39.48387097;829.1612903;88.5483871
22.03.2016;-7.725;193.6774194;-1.3;98;154.1935484;3392.258065;39.48387097;868.6451613;88.5483871
23.03.2016;-7.0875;193.6774194;-1.3;98;154.1935484;3546.451613;39.48387097;908.1290323;88.5483871
24.03.2016;0.3125;193.6774194;-1.3;85;154.1935484;3700.645161;39.48387097;947.6129032;88.5483871
25.03.2016;1.2125;193.6774194;-1.3;83;154.1935484;3854.83871;39.48387097;987.0967742;88.5483871
26.03.2016;0.5375;193.6774194;-1.3;85;154.1935484;4009.032258;39.48387097;1026.580645;88.5483871
27.03.2016;2.3375;193.6774194;-1.3;83;154.1935484;4163.225806;39.48387097;1066.064516;88.5483871
28.03.2016;3.1625;193.6774194;-1.3;83;154.1935484;4317.419355;39.48387097;1105.548387;88.5483871
29.03.2016;3.4125;193.6774194;-1.3;83;154.1935484;4471.612903;39.48387097;1145.032258;88.5483871
30.03.2016;2.7375;193.6774194;-1.3;83;154.1935484;4625.806452;39.48387097;1184.516129;88.5483871
31.03.2016;1.8375;193.6774194;-1.3;83;154.1935484;4780;39.48387097;1224;88.5483871
01.04.2016;3.6625;147.8666667;8.4;83;108.9333333;108.9333333;38.93333333;38.93333333;80.96774194
02.04.2016;2.5125;147.8666667;8.4;83;108.9333333;217.8666667;38.93333333;77.86666667;80.96774194
03.04.2016;3.075;147.8666667;8.4;83;108.9333333;326.8;38.93333333;116.8;80.96774194
04.04.2016;3.25;147.8666667;8.4;83;108.9333333;435.7333333;38.93333333;155.7333333;80.96774194
05.04.2016;2.375;147.8666667;8.4;83;108.9333333;544.6666667;38.93333333;194.6666667;80.96774194
06.04.2016;2.2;147.8666667;8.4;83;108.9333333;653.6;38.93333333;233.6;80.96774194
07.04.2016;1.7625;147.8666667;8.4;83;108.9333333;762.5333333;38.93333333;272.5333333;80.96774194
08.04.2016;3.25;147.8666667;8.4;83;108.9333333;871.4666667;38.93333333;311.4666667;80.96774194
09.04.2016;3.925;147.8666667;8.4;83;108.9333333;980.4;38.93333333;350.4;80.96774194
10.04.2016;6.0125;147.8666667;8.4;82;108.9333333;1089.333333;38.93333333;389.3333333;80.96774194
11.04.2016;4.6875;147.8666667;8.4;83;108.9333333;1198.266667;38.93333333;428.2666667;80.96774194
12.04.2016;2.85;147.8666667;8.4;83;108.9333333;1307.2;38.93333333;467.2;80.96774194
13.04.2016;3.7125;147.8666667;8.4;83;108.9333333;1416.133333;38.93333333;506.1333333;80.96774194
14.04.2016;9.6;147.8666667;8.4;80;108.9333333;1525.066667;38.93333333;545.0666667;80.96774194
15.04.2016;11.55;147.8666667;8.4;80;108.9333333;1634;38.93333333;584;80.96774194
16.04.2016;12.4625;147.8666667;8.4;80;108.9333333;1742.933333;38.93333333;622.9333333;80.96774194
17.04.2016;15.3125;147.8666667;8.4;80;108.9333333;1851.866667;38.93333333;661.8666667;80.96774194
18.04.2016;9.225;147.8666667;8.4;80;108.9333333;1960.8;38.93333333;700.8;80.96774194
19.04.2016;4.5875;147.8666667;8.4;83;108.9333333;2069.733333;38.93333333;739.7333333;80.96774194
20.04.2016;9.425;147.8666667;8.4;80;108.9333333;2178.666667;38.93333333;778.6666667;80.96774194
21.04.2016;9.525;147.8666667;8.4;80;108.9333333;2287.6;38.93333333;817.6;80.96774194
22.04.2016;9.1125;147.8666667;8.4;80;108.9333333;2396.533333;38.93333333;856.5333333;80.96774194
23.04.2016;6.3625;147.8666667;8.4;82;108.9333333;2505.466667;38.93333333;895.4666667;80.96774194
24.04.2016;5.375;147.8666667;8.4;82;108.9333333;2614.4;38.93333333;934.4;80.96774194
25.04.2016;6.95;147.8666667;8.4;82;108.9333333;2723.333333;38.93333333;973.3333333;80.96774194
26.04.2016;7.1875;147.8666667;8.4;80;108.9333333;2832.266667;38.93333333;1012.266667;80.96774194
27.04.2016;6.275;147.8666667;8.4;82;108.9333333;2941.2;38.93333333;1051.2;80.96774194
28.04.2016;6.3;147.8666667;8.4;82;108.9333333;3050.133333;38.93333333;1090.133333;80.96774194
29.04.2016;6.3625;147.8666667;8.4;82;108.9333333;3159.066667;38.93333333;1129.066667;80.96774194
30.04.2016;8.2125;147.8666667;8.4;80;108.9333333;3268;38.93333333;1168;80.96774194
01.05.2016;9.675;56.74193548;14.2;80;43.90322581;43.90322581;12.83870968;12.83870968;80.12903226
02.05.2016;6.9;56.74193548;14.2;82;43.90322581;87.80645161;12.83870968;25.67741935;80.12903226
03.05.2016;10.025;56.74193548;14.2;80;43.90322581;131.7096774;12.83870968;38.51612903;80.12903226
04.05.2016;13;56.74193548;14.2;80;43.90322581;175.6129032;12.83870968;51.35483871;80.12903226
05.05.2016;12.4625;56.74193548;14.2;80;43.90322581;219.516129;12.83870968;64.19354839;80.12903226
06.05.2016;13.9875;56.74193548;14.2;80;43.90322581;263.4193548;12.83870968;77.03225806;80.12903226
07.05.2016;9.45;56.74193548;14.2;80;43.90322581;307.3225806;12.83870968;89.87096774;80.12903226
08.05.2016;6.7875;56.74193548;14.2;82;43.90322581;351.2258065;12.83870968;102.7096774;80.12903226
09.05.2016;7.55;56.74193548;14.2;80;43.90322581;395.1290323;12.83870968;115.5483871;80.12903226
10.05.2016;9.85;56.74193548;14.2;80;43.90322581;439.0322581;12.83870968;128.3870968;80.12903226
11.05.2016;8.0125;56.74193548;14.2;80;43.90322581;482.9354839;12.83870968;141.2258065;80.12903226
12.05.2016;15.3125;56.74193548;14.2;80;43.90322581;526.8387097;12.83870968;154.0645161;80.12903226
13.05.2016;7.3;56.74193548;14.2;80;43.90322581;570.7419355;12.83870968;166.9032258;80.12903226
14.05.2016;6.1375;56.74193548;14.2;82;43.90322581;614.6451613;12.83870968;179.7419355;80.12903226
15.05.2016;8.1625;56.74193548;14.2;80;43.90322581;658.5483871;12.83870968;192.5806452;80.12903226
16.05.2016;9.8875;56.74193548;14.2;80;43.90322581;702.4516129;12.83870968;205.4193548;80.12903226
17.05.2016;12.3375;56.74193548;14.2;80;43.90322581;746.3548387;12.83870968;218.2580645;80.12903226
18.05.2016;14.925;56.74193548;14.2;80;43.90322581;790.2580645;12.83870968;231.0967742;80.12903226
19.05.2016;15.8875;56.74193548;14.2;80;43.90322581;834.1612903;12.83870968;243.9354839;80.12903226
20.05.2016;17.125;56.74193548;14.2;80;43.90322581;878.0645161;12.83870968;256.7741935;80.12903226
21.05.2016;19.95;56.74193548;14.2;80;43.90322581;921.9677419;12.83870968;269.6129032;80.12903226
22.05.2016;18.8125;56.74193548;14.2;80;43.90322581;965.8709677;12.83870968;282.4516129;80.12903226
23.05.2016;18.65;56.74193548;14.2;80;43.90322581;1009.774194;12.83870968;295.2903226;80.12903226
24.05.2016;19.825;56.74193548;14.2;80;43.90322581;1053.677419;12.83870968;308.1290323;80.12903226
25.05.2016;19.8;56.74193548;14.2;80;43.90322581;1097.580645;12.83870968;320.9677419;80.12903226
26.05.2016;20.75;56.74193548;14.2;80;43.90322581;1141.483871;12.83870968;333.8064516;80.12903226
27.05.2016;22.425;56.74193548;14.2;80;43.90322581;1185.387097;12.83870968;346.6451613;80.12903226
28.05.2016;17.2625;56.74193548;14.2;80;43.90322581;1229.290323;12.83870968;359.483871;80.12903226
29.05.2016;14.625;56.74193548;14.2;80;43.90322581;1273.193548;12.83870968;372.3225806;80.12903226
30.05.2016;12.925;56.74193548;14.2;80;43.90322581;1317.096774;12.83870968;385.1612903;80.12903226
31.05.2016;5.625;56.74193548;14.2;82;43.90322581;1361;12.83870968;398;80.12903226
01.06.2016;7.3375;151.9;18.1;80;150;150;1.9;1.9;80
02.06.2016;11.1;151.9;18.1;80;150;300;1.9;3.8;80
03.06.2016;14.375;151.9;18.1;80;150;450;1.9;5.7;80
04.06.2016;14.875;151.9;18.1;80;150;600;1.9;7.6;80
05.06.2016;16.6375;151.9;18.1;80;150;750;1.9;9.5;80
06.06.2016;14.2875;151.9;18.1;80;150;900;1.9;11.4;80
07.06.2016;14.575;151.9;18.1;80;150;1050;1.9;13.3;80
08.06.2016;15.1625;151.9;18.1;80;150;1200;1.9;15.2;80
09.06.2016;12.2125;151.9;18.1;80;150;1350;1.9;17.1;80
10.06.2016;13.65;151.9;18.1;80;150;1500;1.9;19;80
11.06.2016;17.4875;151.9;18.1;80;150;1650;1.9;20.9;80
12.06.2016;18.1625;151.9;18.1;80;150;1800;1.9;22.8;80
13.06.2016;18.6125;151.9;18.1;80;150;1950;1.9;24.7;80
14.06.2016;17.425;151.9;18.1;80;150;2100;1.9;26.6;80
15.06.2016;17.4375;151.9;18.1;80;150;2250;1.9;28.5;80
16.06.2016;17.25;151.9;18.1;80;150;2400;1.9;30.4;80
17.06.2016;19.2;151.9;18.1;80;150;2550;1.9;32.3;80
18.06.2016;16.9;151.9;18.1;80;150;2700;1.9;34.2;80
19.06.2016;21.325;151.9;18.1;80;150;2850;1.9;36.1;80
20.06.2016;23.7125;151.9;18.1;80;150;3000;1.9;38;80
21.06.2016;22.6;151.9;18.1;80;150;3150;1.9;39.9;80
22.06.2016;20.925;151.9;18.1;80;150;3300;1.9;41.8;80
23.06.2016;19.25;151.9;18.1;80;150;3450;1.9;43.7;80
24.06.2016;18.1375;151.9;18.1;80;150;3600;1.9;45.6;80
25.06.2016;15.9375;151.9;18.1;80;150;3750;1.9;47.5;80
26.06.2016;15.8125;151.9;18.1;80;150;3900;1.9;49.4;80
27.06.2016;15.575;151.9;18.1;80;150;4050;1.9;51.3;80
28.06.2016;10.3875;151.9;18.1;80;150;4200;1.9;53.2;80
29.06.2016;10.25;151.9;18.1;80;150;4350;1.9;55.1;80
30.06.2016;12.8625;151.9;18.1;80;150;4500;1.9;57;80
01.07.2016;16.5625;131.483871;21.6;80;131.483871;131.483871;0;0;80
02.07.2016;18.9125;131.483871;21.6;80;131.483871;262.9677419;0;0;80
03.07.2016;18.7875;131.483871;21.6;80;131.483871;394.4516129;0;0;80
04.07.2016;19.575;131.483871;21.6;80;131.483871;525.9354839;0;0;80
05.07.2016;20.275;131.483871;21.6;80;131.483871;657.4193548;0;0;80
06.07.2016;19.35;131.483871;21.6;80;131.483871;788.9032258;0;0;80
07.07.2016;18.6125;131.483871;21.6;80;131.483871;920.3870968;0;0;80
08.07.2016;20.125;131.483871;21.6;80;131.483871;1051.870968;0;0;80
09.07.2016;22.375;131.483871;21.6;80;131.483871;1183.354839;0;0;80
10.07.2016;19.375;131.483871;21.6;80;131.483871;1314.83871;0;0;80
11.07.2016;18.45;131.483871;21.6;80;131.483871;1446.322581;0;0;80
12.07.2016;18.6375;131.483871;21.6;80;131.483871;1577.806452;0;0;80
13.07.2016;18.875;131.483871;21.6;80;131.483871;1709.290323;0;0;80
14.07.2016;19.675;131.483871;21.6;80;131.483871;1840.774194;0;0;80
15.07.2016;19.7625;131.483871;21.6;80;131.483871;1972.258065;0;0;80
16.07.2016;19.2125;131.483871;21.6;80;131.483871;2103.741935;0;0;80
17.07.2016;21.225;131.483871;21.6;80;131.483871;2235.225806;0;0;80
18.07.2016;20.425;131.483871;21.6;80;131.483871;2366.709677;0;0;80
19.07.2016;21.47142857;131.483871;21.6;80;131.483871;2498.193548;0;0;80
20.07.2016;20.4875;131.483871;21.6;80;131.483871;2629.677419;0;0;80
21.07.2016;21.6875;131.483871;21.6;80;131.483871;2761.16129;0;0;80
22.07.2016;22;131.483871;21.6;80;131.483871;2892.645161;0;0;80
23.07.2016;22;131.483871;21.6;80;131.483871;3024.129032;0;0;80
24.07.2016;21.1125;131.483871;21.6;80;131.483871;3155.612903;0;0;80
25.07.2016;19.45;131.483871;21.6;80;131.483871;3287.096774;0;0;80
26.07.2016;20.3375;131.483871;21.6;80;131.483871;3418.580645;0;0;80
27.07.2016;21.45;131.483871;21.6;80;131.483871;3550.064516;0;0;80
28.07.2016;21.5625;131.483871;21.6;80;131.483871;3681.548387;0;0;80
29.07.2016;20.8375;131.483871;21.6;80;131.483871;3813.032258;0;0;80
30.07.2016;20.575;131.483871;21.6;80;131.483871;3944.516129;0;0;80
31.07.2016;21.625;131.483871;21.6;80;131.483871;4076;0;0;80
01.08.2016;25.2625;97.12903226;17.8;80;97.12903226;97.12903226;0;0;80.06451613
02.08.2016;23.85;97.12903226;17.8;80;97.12903226;194.2580645;0;0;80.06451613
03.08.2016;25.55;97.12903226;17.8;80;97.12903226;291.3870968;0;0;80.06451613
04.08.2016;24.3375;97.12903226;17.8;80;97.12903226;388.516129;0;0;80.06451613
05.08.2016;23.35;97.12903226;17.8;80;97.12903226;485.6451613;0;0;80.06451613
06.08.2016;21.45;97.12903226;17.8;80;97.12903226;582.7741935;0;0;80.06451613
07.08.2016;23.025;97.12903226;17.8;80;97.12903226;679.9032258;0;0;80.06451613
08.08.2016;24.6625;97.12903226;17.8;80;97.12903226;777.0322581;0;0;80.06451613
09.08.2016;24.6625;97.12903226;17.8;80;97.12903226;874.1612903;0;0;80.06451613
10.08.2016;22.25;97.12903226;17.8;80;97.12903226;971.2903226;0;0;80.06451613
11.08.2016;20.2875;97.12903226;17.8;80;97.12903226;1068.419355;0;0;80.06451613
12.08.2016;24.2125;97.12903226;17.8;80;97.12903226;1165.548387;0;0;80.06451613
13.08.2016;25.1875;97.12903226;17.8;80;97.12903226;1262.677419;0;0;80.06451613
14.08.2016;25.675;97.12903226;17.8;80;97.12903226;1359.806452;0;0;80.06451613
15.08.2016;27.025;97.12903226;17.8;80;97.12903226;1456.935484;0;0;80.06451613
16.08.2016;25.525;97.12903226;17.8;80;97.12903226;1554.064516;0;0;80.06451613
17.08.2016;22.45;97.12903226;17.8;80;97.12903226;1651.193548;0;0;80.06451613
18.08.2016;21.6375;97.12903226;17.8;80;97.12903226;1748.322581;0;0;80.06451613
19.08.2016;21.825;97.12903226;17.8;80;97.12903226;1845.451613;0;0;80.06451613
20.08.2016;21.9125;97.12903226;17.8;80;97.12903226;1942.580645;0;0;80.06451613
21.08.2016;23.3375;97.12903226;17.8;80;97.12903226;2039.709677;0;0;80.06451613
22.08.2016;23.4875;97.12903226;17.8;80;97.12903226;2136.83871;0;0;80.06451613
23.08.2016;22.4625;97.12903226;17.8;80;97.12903226;2233.967742;0;0;80.06451613
24.08.2016;22.9875;97.12903226;17.8;80;97.12903226;2331.096774;0;0;80.06451613
25.08.2016;24.5125;97.12903226;17.8;80;97.12903226;2428.225806;0;0;80.06451613
26.08.2016;17.8375;97.12903226;17.8;80;97.12903226;2525.354839;0;0;80.06451613
27.08.2016;15.7875;97.12903226;17.8;80;97.12903226;2622.483871;0;0;80.06451613
28.08.2016;14.6;97.12903226;17.8;80;97.12903226;2719.612903;0;0;80.06451613
29.08.2016;10.9;97.12903226;17.8;80;97.12903226;2816.741935;0;0;80.06451613
30.08.2016;9.275;97.12903226;17.8;80;97.12903226;2913.870968;0;0;80.06451613
31.08.2016;13.85;97.12903226;17.8;80;97.12903226;3011;0;0;80.06451613
01.09.2016;15.675;141.8666667;8;80;135.9333333;135.9333333;5.933333333;5.933333333;80.70967742
02.09.2016;16.6875;141.8666667;8;80;135.9333333;271.8666667;5.933333333;11.86666667;80.70967742
03.09.2016;18.25;141.8666667;8;80;135.9333333;407.8;5.933333333;17.8;80.70967742
04.09.2016;15.5;141.8666667;8;80;135.9333333;543.7333333;5.933333333;23.73333333;80.70967742
05.09.2016;14.9375;141.8666667;8;80;135.9333333;679.6666667;5.933333333;29.66666667;80.70967742
06.09.2016;12.775;141.8666667;8;80;135.9333333;815.6;5.933333333;35.6;80.70967742
07.09.2016;8.7125;141.8666667;8;80;135.9333333;951.5333333;5.933333333;41.53333333;80.70967742
08.09.2016;6.4625;141.8666667;8;82;135.9333333;1087.466667;5.933333333;47.46666667;80.70967742
09.09.2016;9.05;141.8666667;8;80;135.9333333;1223.4;5.933333333;53.4;80.70967742
10.09.2016;10.0375;141.8666667;8;80;135.9333333;1359.333333;5.933333333;59.33333333;80.70967742
11.09.2016;8.7625;141.8666667;8;80;135.9333333;1495.266667;5.933333333;65.26666667;80.70967742
12.09.2016;9.45;141.8666667;8;80;135.9333333;1631.2;5.933333333;71.2;80.70967742
13.09.2016;8.1125;141.8666667;8;80;135.9333333;1767.133333;5.933333333;77.13333333;80.70967742
14.09.2016;8.5625;141.8666667;8;80;135.9333333;1903.066667;5.933333333;83.06666667;80.70967742
15.09.2016;8.8625;141.8666667;8;80;135.9333333;2039;5.933333333;89;80.70967742
16.09.2016;8.4625;141.8666667;8;80;135.9333333;2174.933333;5.933333333;94.93333333;80.70967742
17.09.2016;7.75;141.8666667;8;80;135.9333333;2310.866667;5.933333333;100.8666667;80.70967742
18.09.2016;9.425;141.8666667;8;80;135.9333333;2446.8;5.933333333;106.8;80.70967742
19.09.2016;8.8;141.8666667;8;80;135.9333333;2582.733333;5.933333333;112.7333333;80.70967742
20.09.2016;8.9875;141.8666667;8;80;135.9333333;2718.666667;5.933333333;118.6666667;80.70967742
21.09.2016;8.4;141.8666667;8;80;135.9333333;2854.6;5.933333333;124.6;80.70967742
22.09.2016;8.8125;141.8666667;8;80;135.9333333;2990.533333;5.933333333;130.5333333;80.70967742
23.09.2016;14.55;141.8666667;8;80;135.9333333;3126.466667;5.933333333;136.4666667;80.70967742
24.09.2016;17.0625;141.8666667;8;80;135.9333333;3262.4;5.933333333;142.4;80.70967742
25.09.2016;14.225;141.8666667;8;80;135.9333333;3398.333333;5.933333333;148.3333333;80.70967742
26.09.2016;12.0625;141.8666667;8;80;135.9333333;3534.266667;5.933333333;154.2666667;80.70967742
27.09.2016;9.7;141.8666667;8;80;135.9333333;3670.2;5.933333333;160.2;80.70967742
28.09.2016;10.2375;141.8666667;8;80;135.9333333;3806.133333;5.933333333;166.1333333;80.70967742
29.09.2016;7.8;141.8666667;8;80;135.9333333;3942.066667;5.933333333;172.0666667;80.70967742
30.09.2016;6.575;141.8666667;8;82;135.9333333;4078;5.933333333;178;80.70967742
01.10.2016;7.0875;177.9354839;-3.9;80;147.7419355;147.7419355;30.19354839;30.19354839;88.96774194
02.10.2016;9.625;177.9354839;-3.9;80;147.7419355;295.483871;30.19354839;60.38709677;88.96774194
03.10.2016;8.1125;177.9354839;-3.9;80;147.7419355;443.2258065;30.19354839;90.58064516;88.96774194
04.10.2016;7.3375;177.9354839;-3.9;80;147.7419355;590.9677419;30.19354839;120.7741935;88.96774194
05.10.2016;7.65;177.9354839;-3.9;80;147.7419355;738.7096774;30.19354839;150.9677419;88.96774194
06.10.2016;5.7375;177.9354839;-3.9;82;147.7419355;886.4516129;30.19354839;181.1612903;88.96774194
07.10.2016;3.2375;177.9354839;-3.9;83;147.7419355;1034.193548;30.19354839;211.3548387;88.96774194
08.10.2016;1.8125;177.9354839;-3.9;83;147.7419355;1181.935484;30.19354839;241.5483871;88.96774194
09.10.2016;1.3;177.9354839;-3.9;83;147.7419355;1329.677419;30.19354839;271.7419355;88.96774194
10.10.2016;2.6125;177.9354839;-3.9;83;147.7419355;1477.419355;30.19354839;301.9354839;88.96774194
11.10.2016;2.05;177.9354839;-3.9;83;147.7419355;1625.16129;30.19354839;332.1290323;88.96774194
12.10.2016;1.6;177.9354839;-3.9;83;147.7419355;1772.903226;30.19354839;362.3225806;88.96774194
13.10.2016;1.1875;177.9354839;-3.9;83;147.7419355;1920.645161;30.19354839;392.516129;88.96774194
14.10.2016;0.7125;177.9354839;-3.9;85;147.7419355;2068.387097;30.19354839;422.7096774;88.96774194
15.10.2016;0.3125;177.9354839;-3.9;85;147.7419355;2216.129032;30.19354839;452.9032258;88.96774194
16.10.2016;-2.45;177.9354839;-3.9;90;147.7419355;2363.870968;30.19354839;483.0967742;88.96774194
17.10.2016;-1.45;177.9354839;-3.9;90;147.7419355;2511.612903;30.19354839;513.2903226;88.96774194
18.10.2016;1.2375;177.9354839;-3.9;83;147.7419355;2659.354839;30.19354839;543.483871;88.96774194
19.10.2016;-0.1375;177.9354839;-3.9;87;147.7419355;2807.096774;30.19354839;573.6774194;88.96774194
20.10.2016;-0.025;177.9354839;-3.9;87;147.7419355;2954.83871;30.19354839;603.8709677;88.96774194
21.10.2016;-0.4375;177.9354839;-3.9;87;147.7419355;3102.580645;30.19354839;634.0645161;88.96774194
22.10.2016;-2.1;177.9354839;-3.9;90;147.7419355;3250.322581;30.19354839;664.2580645;88.96774194
23.10.2016;-1.175;177.9354839;-3.9;90;147.7419355;3398.064516;30.19354839;694.4516129;88.96774194
24.10.2016;-0.2375;177.9354839;-3.9;87;147.7419355;3545.806452;30.19354839;724.6451613;88.96774194
25.10.2016;-0.1625;177.9354839;-3.9;87;147.7419355;3693.548387;30.19354839;754.8387097;88.96774194
26.10.2016;-0.7125;177.9354839;-3.9;87;147.7419355;3841.290323;30.19354839;785.0322581;88.96774194
27.10.2016;-1.4875;177.9354839;-3.9;90;147.7419355;3989.032258;30.19354839;815.2258065;88.96774194
28.10.2016;-2.8625;177.9354839;-3.9;90;147.7419355;4136.774194;30.19354839;845.4193548;88.96774194
29.10.2016;-3;177.9354839;-3.9;90;147.7419355;4284.516129;30.19354839;875.6129032;88.96774194
30.10.2016;-2.525;177.9354839;-3.9;90;147.7419355;4432.258065;30.19354839;905.8064516;88.96774194
31.10.2016;-3.8875;177.9354839;-3.9;92;147.7419355;4580;30.19354839;936;88.96774194
01.11.2016;-5.1625;212.9;-12.8;95;157.8333333;157.8333333;55.06666667;55.06666667;109.0967742
02.11.2016;-8.825;212.9;-12.8;98;157.8333333;315.6666667;55.06666667;110.1333333;109.0967742
03.11.2016;-7.4;212.9;-12.8;98;157.8333333;473.5;55.06666667;165.2;109.0967742
04.11.2016;-6.875;212.9;-12.8;95;157.8333333;631.3333333;55.06666667;220.2666667;109.0967742
05.11.2016;-3.3;212.9;-12.8;92;157.8333333;789.1666667;55.06666667;275.3333333;109.0967742
06.11.2016;-3.6375;212.9;-12.8;92;157.8333333;947;55.06666667;330.4;109.0967742
07.11.2016;-9.5;212.9;-12.8;98;157.8333333;1104.833333;55.06666667;385.4666667;109.0967742
08.11.2016;-8.875;212.9;-12.8;98;157.8333333;1262.666667;55.06666667;440.5333333;109.0967742
09.11.2016;-12.4125;212.9;-12.8;103;157.8333333;1420.5;55.06666667;495.6;109.0967742
10.11.2016;-16.375;212.9;-12.8;121;157.8333333;1578.333333;55.06666667;550.6666667;109.0967742
11.11.2016;-11.1375;212.9;-12.8;103;157.8333333;1736.166667;55.06666667;605.7333333;109.0967742
12.11.2016;-7.525;212.9;-12.8;98;157.8333333;1894;55.06666667;660.8;109.0967742
13.11.2016;-9.25;212.9;-12.8;98;157.8333333;2051.833333;55.06666667;715.8666667;109.0967742
14.11.2016;-17.6;212.9;-12.8;121;157.8333333;2209.666667;55.06666667;770.9333333;109.0967742
15.11.2016;-21.25;212.9;-12.8;130;157.8333333;2367.5;55.06666667;826;109.0967742
16.11.2016;-18.425;212.9;-12.8;126;157.8333333;2525.333333;55.06666667;881.0666667;109.0967742
17.11.2016;-15.9125;212.9;-12.8;115;157.8333333;2683.166667;55.06666667;936.1333333;109.0967742
18.11.2016;-14.1;212.9;-12.8;115;157.8333333;2841;55.06666667;991.2;109.0967742
19.11.2016;-17.9;212.9;-12.8;121;157.8333333;2998.833333;55.06666667;1046.266667;109.0967742
20.11.2016;-15.8875;212.9;-12.8;115;157.8333333;3156.666667;55.06666667;1101.333333;109.0967742
21.11.2016;-11.8125;212.9;-12.8;103;157.8333333;3314.5;55.06666667;1156.4;109.0967742
22.11.2016;-8;212.9;-12.8;98;157.8333333;3472.333333;55.06666667;1211.466667;109.0967742
23.11.2016;-5.9375;212.9;-12.8;95;157.8333333;3630.166667;55.06666667;1266.533333;109.0967742
24.11.2016;-7.2375;212.9;-12.8;98;157.8333333;3788;55.06666667;1321.6;109.0967742
25.11.2016;-4.15;212.9;-12.8;92;157.8333333;3945.833333;55.06666667;1376.666667;109.0967742
26.11.2016;-5.5125;212.9;-12.8;95;157.8333333;4103.666667;55.06666667;1431.733333;109.0967742
27.11.2016;-7.9875;212.9;-12.8;98;157.8333333;4261.5;55.06666667;1486.8;109.0967742
28.11.2016;-6.8625;212.9;-12.8;95;157.8333333;4419.333333;55.06666667;1541.866667;109.0967742
29.11.2016;-0.675;212.9;-12.8;87;157.8333333;4577.166667;55.06666667;1596.933333;109.0967742
30.11.2016;-7.075;214.0333333;-12.8;98;157.8333333;4735;56.2;1653.133333;109.0967742
01.12.2016;-13.2;225.3548387;-11.5;108;170.9677419;170.9677419;54.38709677;54.38709677;114.1666667
02.12.2016;-16.525;225.3548387;-11.5;121;170.9677419;341.9354839;54.38709677;108.7741935;114.1666667
03.12.2016;-14.8875;225.3548387;-11.5;115;170.9677419;512.9032258;54.38709677;163.1612903;114.1666667
04.12.2016;-12.8875;225.3548387;-11.5;103;170.9677419;683.8709677;54.38709677;217.5483871;114.1666667
05.12.2016;-15.8875;225.3548387;-11.5;115;170.9677419;854.8387097;54.38709677;271.9354839;114.1666667
06.12.2016;-12.3875;225.3548387;-11.5;103;170.9677419;1025.806452;54.38709677;326.3225806;114.1666667
07.12.2016;-13.675;225.3548387;-11.5;108;170.9677419;1196.774194;54.38709677;380.7096774;114.1666667
08.12.2016;-24.35;225.3548387;-11.5;130;170.9677419;1367.741935;54.38709677;435.0967742;114.1666667
09.12.2016;-21.5875;225.3548387;-11.5;130;170.9677419;1538.709677;54.38709677;489.483871;114.1666667
10.12.2016;-9.6125;225.3548387;-11.5;98;170.9677419;1709.677419;54.38709677;543.8709677;114.1666667
11.12.2016;-14.6;225.3548387;-11.5;115;170.9677419;1880.645161;54.38709677;598.2580645;114.1666667
12.12.2016;-16.525;225.3548387;-11.5;121;170.9677419;2051.612903;54.38709677;652.6451613;114.1666667
13.12.2016;-14.825;225.3548387;-11.5;115;170.9677419;2222.580645;54.38709677;707.0322581;114.1666667
14.12.2016;-17.4875;225.3548387;-11.5;121;170.9677419;2393.548387;54.38709677;761.4193548;114.1666667
15.12.2016;-19.8;225.3548387;-11.5;126;170.9677419;2564.516129;54.38709677;815.8064516;114.1666667
16.12.2016;-20.5625;225.3548387;-11.5;130;170.9677419;2735.483871;54.38709677;870.1935484;114.1666667
17.12.2016;-20.375;225.3548387;-11.5;130;170.9677419;2906.451613;54.38709677;924.5806452;114.1666667
18.12.2016;-23.3125;225.3548387;-11.5;130;170.9677419;3077.419355;54.38709677;978.9677419;114.1666667
19.12.2016;-22.85;225.3548387;-11.5;130;170.9677419;3248.387097;54.38709677;1033.354839;114.1666667
20.12.2016;-33;225.3548387;-11.5;135;170.9677419;3419.354839;54.38709677;1087.741935;114.1666667
21.12.2016;-24.4875;225.3548387;-11.5;130;170.9677419;3590.322581;54.38709677;1142.129032;114.1666667
22.12.2016;-27.6625;225.3548387;-11.5;132;170.9677419;3761.290323;54.38709677;1196.516129;114.1666667
23.12.2016;-18.7375;225.3548387;-11.5;126;170.9677419;3932.258065;54.38709677;1250.903226;114.1666667
24.12.2016;-11.9875;225.3548387;-11.5;103;170.9677419;4103.225806;54.38709677;1305.290323;114.1666667
25.12.2016;-5.9625;225.3548387;-11.5;95;170.9677419;4274.193548;54.38709677;1359.677419;114.1666667
26.12.2016;-7.5625;225.3548387;-11.5;98;170.9677419;4445.16129;54.38709677;1414.064516;114.1666667
27.12.2016;-7.725;225.3548387;-11.5;98;170.9677419;4616.129032;54.38709677;1468.451613;114.1666667
28.12.2016;-4.975;225.3548387;-11.5;92;170.9677419;4787.096774;54.38709677;1522.83871;114.1666667
29.12.2016;-3.5875;225.3548387;-11.5;92;170.9677419;4958.064516;54.38709677;1577.225806;114.1666667
30.12.2016;-5.6;225.3548387;-11.5;95;170.9677419;5129.032258;54.38709677;1631.612903;114.1666667
31.12.2016;-4.175;225.3548387;-11.5;92;170.9677419;5300;54.38709677;1686;114.1666667
